validation-1	False	True
validation-2	False	True
validation-3	False	True
validation-4	False	True
validation-5	True	False
validation-6	False	True
validation-7	False	True
validation-8	True	False
validation-9	True	False
validation-10	False	False
validation-11	False	True
validation-12	True	False
validation-13	False	True
validation-14	False	True
validation-15	False	True
validation-16	False	True
validation-17	True	False
validation-18	False	True
validation-19	True	False
validation-20	False	True
validation-21	False	False
validation-22	True	False
validation-23	True	False
validation-24	True	False
validation-25	False	True
validation-26	False	True
validation-27	False	True
validation-28	False	True
validation-29	True	False
validation-30	False	True
validation-31	True	False
validation-32	False	True
validation-33	False	True
validation-34	False	True
validation-35	True	False
validation-36	True	False
validation-37	True	False
validation-38	False	True
validation-39	True	False
validation-40	False	True
validation-41	False	True
validation-42	True	False
validation-43	True	False
validation-44	True	False
validation-45	False	True
validation-46	True	False
validation-47	True	False
validation-48	True	False
validation-49	False	True
validation-50	True	False
validation-51	True	False
validation-52	False	True
validation-53	False	True
validation-54	True	False
validation-55	True	False
validation-56	False	True
validation-57	True	False
validation-58	True	False
validation-59	True	False
validation-60	False	True
validation-61	False	True
validation-62	False	True
validation-63	False	True
validation-64	False	False
validation-65	True	False
validation-66	True	False
validation-67	False	True
validation-68	True	False
validation-69	True	False
validation-70	True	False
validation-71	False	True
validation-72	False	True
validation-73	False	True
validation-74	False	False
validation-75	True	False
validation-76	False	True
validation-77	False	True
validation-78	False	True
validation-79	False	True
validation-80	False	True
validation-81	False	True
validation-82	False	True
validation-83	True	False
validation-84	True	False
validation-85	False	True
validation-86	False	True
validation-87	True	False
validation-88	True	False
validation-89	False	True
validation-90	True	False
validation-91	False	False
validation-92	False	True
validation-93	False	True
validation-94	True	False
validation-95	True	False
validation-96	False	True
validation-97	False	True
validation-98	False	True
validation-99	False	True
validation-100	False	False
validation-101	True	False
validation-102	False	True
validation-103	True	False
validation-104	False	True
validation-105	True	False
validation-106	True	False
validation-107	False	True
validation-108	False	True
validation-109	False	False
validation-110	True	False
validation-111	False	False
validation-112	False	True
validation-113	False	True
validation-114	False	True
validation-115	True	False
validation-116	True	False
validation-117	True	False
validation-118	False	True
validation-119	False	True
validation-120	True	False
validation-121	False	True
validation-122	False	True
validation-123	False	False
validation-124	False	True
validation-125	False	True
validation-126	True	False
validation-127	False	True
validation-128	False	True
validation-129	True	False
validation-130	False	True
validation-131	False	True
validation-132	False	True
validation-133	False	True
validation-134	True	False
validation-135	True	False
validation-136	False	True
validation-137	False	False
validation-138	False	True
validation-139	True	False
validation-140	True	False
validation-141	False	True
validation-142	False	False
validation-143	False	True
validation-144	False	True
validation-145	True	False
validation-146	True	False
validation-147	True	False
validation-148	False	True
validation-149	True	False
validation-150	True	False
validation-151	False	True
validation-152	False	True
validation-153	False	True
validation-154	False	True
validation-155	True	False
validation-156	False	True
validation-157	False	True
validation-158	False	False
validation-159	False	True
validation-160	False	True
validation-161	True	False
validation-162	True	False
validation-163	True	False
validation-164	False	True
validation-165	True	False
validation-166	False	True
validation-167	False	True
validation-168	False	True
validation-169	False	True
validation-170	False	True
validation-171	False	True
validation-172	True	False
validation-173	True	False
validation-174	True	False
validation-175	True	False
validation-176	False	True
validation-177	False	True
validation-178	False	True
validation-179	False	True
validation-180	True	False
validation-181	False	True
validation-182	True	False
validation-183	False	False
validation-184	True	False
validation-185	False	True
validation-186	True	False
validation-187	True	False
validation-188	False	True
validation-189	True	False
validation-190	False	True
validation-191	True	False
validation-192	False	True
validation-193	True	False
validation-194	False	True
validation-195	True	False
validation-196	False	True
validation-197	True	False
validation-198	False	True
validation-199	False	True
validation-200	False	False
validation-201	False	True
validation-202	False	True
validation-203	False	True
validation-204	False	True
validation-205	True	False
validation-206	False	True
validation-207	True	False
validation-208	False	True
validation-209	True	False
validation-210	True	False
validation-211	True	False
validation-212	False	True
validation-213	False	True
validation-214	False	True
validation-215	True	False
validation-216	False	True
validation-217	False	True
validation-218	False	True
validation-219	True	False
validation-220	True	False
validation-221	False	False
validation-222	False	True
validation-223	True	False
validation-224	False	True
validation-225	True	False
validation-226	True	False
validation-227	True	False
validation-228	False	True
validation-229	True	False
validation-230	False	True
validation-231	True	False
validation-232	True	False
validation-233	False	True
validation-234	True	False
validation-235	True	False
validation-236	True	False
validation-237	False	True
validation-238	True	False
validation-239	False	True
validation-240	True	False
validation-241	True	False
validation-242	False	True
validation-243	True	False
validation-244	False	True
validation-245	True	False
validation-246	False	True
validation-247	True	False
validation-248	False	True
validation-249	False	True
validation-250	False	False
validation-251	True	False
validation-252	False	True
validation-253	True	False
validation-254	True	False
validation-255	True	False
validation-256	False	True
validation-257	False	True
validation-258	True	False
validation-259	True	False
validation-260	False	True
validation-261	True	False
validation-262	True	False
validation-263	False	True
validation-264	True	False
validation-265	False	True
validation-266	False	True
validation-267	False	True
validation-268	True	False
validation-269	True	False
validation-270	False	True
validation-271	False	True
validation-272	True	False
validation-273	False	True
validation-274	True	False
validation-275	False	True
validation-276	False	False
validation-277	False	True
validation-278	False	True
validation-279	False	True
validation-280	False	True
validation-281	False	True
validation-282	False	True
validation-283	False	True
validation-284	False	True
validation-285	True	False
validation-286	True	False
validation-287	True	False
validation-288	False	False
validation-289	True	False
validation-290	False	True
validation-291	False	True
validation-292	False	True
validation-293	True	False
validation-294	False	True
validation-295	False	True
validation-296	False	True
validation-297	True	False
validation-298	True	False
validation-299	False	True
validation-300	True	False
validation-301	False	False
validation-302	True	False
validation-303	False	True
validation-304	True	False
validation-305	False	True
validation-306	False	True
validation-307	True	False
validation-308	False	True
validation-309	True	False
validation-310	True	False
validation-311	False	True
validation-312	False	True
validation-313	False	True
validation-314	True	False
validation-315	True	False
validation-316	False	True
validation-317	False	True
validation-318	False	True
validation-319	True	False
validation-320	False	True
validation-321	False	True
validation-322	False	True
validation-323	False	True
validation-324	True	False
validation-325	False	True
validation-326	False	True
validation-327	True	False
validation-328	True	False
validation-329	False	True
validation-330	False	True
validation-331	False	True
validation-332	False	True
validation-333	True	False
validation-334	True	False
validation-335	False	True
validation-336	False	True
validation-337	True	False
validation-338	False	True
validation-339	True	False
validation-340	False	True
validation-341	False	True
validation-342	False	True
validation-343	False	True
validation-344	False	False
validation-345	False	True
validation-346	True	False
validation-347	True	False
validation-348	False	True
validation-349	False	False
validation-350	False	True
validation-351	True	False
validation-352	True	False
validation-353	False	False
validation-354	False	True
validation-355	True	False
validation-356	False	True
validation-357	False	True
validation-358	True	False
validation-359	False	True
validation-360	True	False
validation-361	True	False
validation-362	True	False
validation-363	True	False
validation-364	True	False
validation-365	True	False
validation-366	False	True
validation-367	False	True
validation-368	True	False
validation-369	False	True
validation-370	False	False
validation-371	True	False
validation-372	False	True
validation-373	True	False
validation-374	False	False
validation-375	False	True
validation-376	True	False
validation-377	False	True
validation-378	False	True
validation-379	True	False
validation-380	True	False
validation-381	False	True
validation-382	False	True
validation-383	False	True
validation-384	True	False
validation-385	False	False
validation-386	False	True
validation-387	False	True
validation-388	False	True
validation-389	False	True
validation-390	False	True
validation-391	True	False
validation-392	True	False
validation-393	False	True
validation-394	True	False
validation-395	False	True
validation-396	False	True
validation-397	False	True
validation-398	True	False
validation-399	False	True
validation-400	False	True
validation-401	False	True
validation-402	False	True
validation-403	False	True
validation-404	False	False
validation-405	True	False
validation-406	False	False
validation-407	False	True
validation-408	False	True
validation-409	True	False
validation-410	False	True
validation-411	True	False
validation-412	False	True
validation-413	True	False
validation-414	False	False
validation-415	True	False
validation-416	True	False
validation-417	False	True
validation-418	True	False
validation-419	True	False
validation-420	False	True
validation-421	False	True
validation-422	True	False
validation-423	True	False
validation-424	False	True
validation-425	False	False
validation-426	True	False
validation-427	True	False
validation-428	False	False
validation-429	True	False
validation-430	True	False
validation-431	False	True
validation-432	False	True
validation-433	True	False
validation-434	False	True
validation-435	False	True
validation-436	False	True
validation-437	False	False
validation-438	False	True
validation-439	False	True
validation-440	False	True
validation-441	False	True
validation-442	True	False
validation-443	True	False
validation-444	True	False
validation-445	True	False
validation-446	True	False
validation-447	False	True
validation-448	False	True
validation-449	True	False
validation-450	False	True
validation-451	True	False
validation-452	False	True
validation-453	False	True
validation-454	False	True
